Saturn,Jupiter,Sun
Saturn,Jupiter,Moon
Saturn,Jupiter,Mars
Saturn,Jupiter,Venus
Saturn,Jupiter,Mercury
Saturn,Mars,Sun
Saturn,Mars,Moon
Saturn,Mars,Venus
Saturn,Mars,Mercury
Saturn,Venus,Sun
Saturn,Venus,Moon
Saturn,Venus,Mercury
Jupiter,Sun,Moon
Jupiter,Mars,Sun
Jupiter,Mars,Moon
Jupiter,Mars,Mercury
Jupiter,Mars,Venus
Jupiter,Mercury,Sun
Jupiter,Mercury,Moon
Jupiter,Mercury,Venus
Jupiter,Venus,Sun
Jupiter,Venus,Moon
Venus,Sun,Moon
Venus,Mars,Moon
Mercury,Sun,Moon
Mercury,Sun,Venus
Mercury,Moon,Venus
Mercury,Mars,Venus
Mars,Sun,Moon
Mars,Sun,Venus
Mars,Sun,Mercury
Mars,Moon,Mercury
